{"cameraMode":{"drawMode":0,"name":"Shaded","section":"Shading Mode"},"sceneLighting":false,"audioPlay":false,"sceneViewState":{"m_AlwaysRefresh":false,"showFog":true,"showSkybox":false,"showFlares":true,"showImageEffects":true,"showParticleSystems":true,"showVisualEffectGraphs":true,"m_FxEnabled":true},"in2DMode":false,"pivot":{"x":0.12579673528671266,"y":1.46774160861969,"z":0.3607448935508728},"rotation":{"x":0.1584116667509079,"y":0.32861703634262087,"z":-0.05628971382975578,"w":0.9295241832733154},"size":1.8753721714019776,"orthographic":false}